time,C
0,0.0011115708
1,0.1742230061
2,0.2327971868
3,0.2871995359
4,0.3377271859
5,0.3846561065
6,0.4282426117
8,0.5062911946
10,0.573618393
12,0.6316970335
15,0.7041570348
18,0.7622131339
24,0.8457277264
32,0.9123812869
48,0.9692547294
72,0.9918639219
96,0.9972058817
120,0.9990716941
144,1
